{"cameraMode":{"drawMode":0,"name":"Shaded","section":"Shading Mode"},"sceneLighting":false,"audioPlay":false,"sceneViewState":{"m_AlwaysRefresh":false,"showFog":true,"showSkybox":false,"showFlares":true,"showImageEffects":true,"showParticleSystems":true,"showVisualEffectGraphs":true,"m_FxEnabled":true},"in2DMode":false,"pivot":{"x":3.067020893096924,"y":6.50217342376709,"z":36.51704788208008},"rotation":{"x":0.15270467102527619,"y":0.006238515954464674,"z":-0.0009709979640319943,"w":0.9882543087005615},"size":10.618240356445313,"orthographic":false}